iteration,intercept,education_coef
1,121284.5465857917,-7341.348953674298
2,132229.58029091748,-10492.189713595044
3,172906.92026493314,-22612.678240515612
4,171946.1072299503,-22381.12413690906
5,163663.4850061078,-18278.915555945194
6,163509.93241245524,-20222.2768902932
7,197061.51211438156,-29418.655797797575
8,139084.9599343063,-11877.257895358876
9,153065.62319132747,-16530.76296548155
10,96714.43713735734,-2399.6452591865113
11,153671.44736578077,-17593.155439833194
12,165081.198532389,-18416.223082452867
13,148003.42635979346,-15600.59298023294
14,120508.63521727567,-8875.2252272008
15,131304.85904596225,-12338.843248568694
16,139140.0548821785,-12576.60422257113
17,176880.90252524416,-23996.58281245507
18,139235.62310861188,-13678.646164730013
19,166840.2461847716,-22501.74543424998
20,66211.53376021102,4852.611461540078
21,159224.25661666604,-19149.67405151092
22,185091.11876049527,-26069.82769566845
23,210257.35334989033,-31851.936638832867
24,190725.9871185114,-27060.49447144656
25,127994.16531774164,-9430.189056423922
26,160344.3501429662,-16797.270525372467
27,140712.125234858,-13886.691099991256
28,110086.98153146077,-6486.025021060826
29,218398.908288534,-34515.67193894434
30,81873.53409268739,1564.4719737256244
31,177452.10388451882,-22582.349474964754
32,124605.69227960096,-8731.265199954483
33,125423.91214925847,-10665.599238784544
34,110809.97405648633,-4774.381686999862
35,113103.64385314983,-6369.696292287595
36,147719.50120981966,-15129.585071540883
37,194267.39737884712,-28167.867565408167
38,105416.60922177655,-4732.497523933287
39,231471.1587953325,-41282.62713782723
40,173628.39124777014,-21900.72099653974
41,182138.2179932925,-24682.27373969242
42,134809.22017599386,-12856.410621829615
43,67661.44182399275,5640.137537401708
44,70619.8511736439,4394.298132775958
45,183779.99534317508,-25285.013635189218
46,172148.725332752,-21450.26598596258
47,246020.09351316182,-42027.83107935943
48,153433.47322569808,-17710.342698731598
49,132201.2302577403,-12455.411813350718
50,134955.72831428732,-12060.085959364047
51,130856.9992162853,-12271.078794517418
52,167004.91030399405,-20757.75266499963
53,133644.47733814362,-12829.346039235856
54,134686.06510761735,-11037.323876566943
55,129240.46174854146,-9850.834682982666
56,120395.31397568226,-7878.982796558787
57,149913.5711308724,-16889.35623442908
58,144988.90367209143,-15615.088186634548
59,155284.64651275793,-17865.328893985134
60,168256.9812431241,-21163.182704230614
61,166835.5784529986,-21445.72730695379
62,189502.68550609765,-26693.938271338768
63,119029.68723283919,-6807.369894198892
64,159948.63619277903,-17178.369149734168
65,137741.53065519754,-12920.051593704688
66,101819.11960491083,-3343.353690922273
67,210441.94259294844,-31525.22498312697
68,190063.54461743167,-26137.18369454039
69,118620.30678479692,-7606.388757480764
70,168259.78209613866,-20423.284695935017
71,92347.28495238657,-1776.2720855134082
72,109386.26100274605,-5441.056237572212
73,152217.17500519517,-16851.46699141014
74,166820.85992252972,-21507.817495274663
75,158907.6016274428,-18204.945537330717
76,167115.69210243967,-22207.351479559013
77,131470.89868013424,-10708.402661157977
78,126963.18561585416,-11947.941177069413
79,180856.93127188727,-25398.58482385933
80,114806.49624816948,-6357.065449393175
81,160543.10556613325,-18038.055136898143
82,118692.47594415577,-8405.115847572242
83,210280.80317690704,-33942.6443226238
84,163039.3464970247,-20380.909408631465
85,130066.49071932305,-10178.546678508164
86,152144.29457868924,-15920.70714279434
87,127749.90199374777,-10913.95837110477
88,216892.04282086916,-33867.14818948217
89,184046.35549935483,-27145.848191519846
90,142474.87143604874,-14415.112477644285
91,155230.53560831965,-16838.08209916678
92,185041.77469518015,-25529.054982172544
93,128891.19799006314,-10727.188464160537
94,93775.60649977323,-1540.88940359398
95,181035.09375627604,-24321.31517773947
96,121881.74976554753,-9095.525198299034
97,187603.0885497073,-24797.671147387362
98,127774.9926313033,-9934.959228502026
99,217032.91369596717,-34122.76258380727
100,188807.1614366377,-26378.043245305693
101,151488.69424611962,-16931.940578214537
102,146313.61213367965,-13932.844894245907
103,150637.30234015288,-16085.79947076244
104,82415.28899342264,1179.0990511852108
105,138829.26114105235,-14674.901445423964
106,214072.13511566847,-34834.21086653802
107,133432.89517348842,-12818.309321735442
108,201489.54699160508,-30312.775249020062
109,149632.9012398236,-15982.35560557501
110,77471.67956501221,2992.2467273409297
111,132409.67937549573,-11207.073143266325
112,98734.17908035369,-2022.0063692244087
113,143700.89076714154,-13559.862915479636
114,138101.82301237117,-12851.85713916391
115,71658.99563825717,3100.8191616890253
116,159685.85545351592,-17869.126479283175
117,127316.9649015437,-9612.262785539948
118,174052.91281172517,-20428.899953187687
119,134634.36895851762,-11493.82732287714
120,171060.56386469497,-20014.646966792472
121,297423.5779645686,-55548.34597202178
122,166835.0259151653,-19280.305566713934
123,134099.73946081463,-12521.96948684507
124,234692.1554634536,-35315.887137969745
125,101664.81359275841,-2472.4175182726344
126,162561.53950657355,-19750.2628662695
127,206374.03837503196,-31865.101871538365
128,135665.1870382291,-12896.089805137452
129,162095.0935058555,-20585.90407140617
130,236531.006567938,-39554.402244667464
131,75063.50007907438,3553.426040818266
132,184177.1553008714,-23918.4089455377
133,235286.44025132488,-37343.96762766328
134,274249.04448155145,-48190.931812391704
135,109578.67107112582,-4557.171374730004
136,259254.55227309483,-47850.488810386516
137,158472.09246698802,-17890.758276887715
138,159406.08201848436,-18545.669401808806
139,226078.2022247539,-36355.20541364023
140,87889.81411901893,160.46829264765879
141,109680.04058522267,-5754.801372685596
142,158883.30553617864,-18650.72269134566
143,199336.45300420045,-27945.370222850863
144,234999.26063477105,-39350.22709460821
145,166425.76485847367,-20950.791277252643
146,104252.25481150136,-4271.967157257522
147,194165.27242153764,-31310.990460107107
148,156753.91087253747,-17796.495677601688
149,157353.2423823675,-17446.207221125896
150,159279.81798384758,-18137.4780400788
151,194620.0817117864,-27698.510869650112
152,110705.16857308529,-5499.185811605691
153,163449.12061951598,-20374.40834030605
154,54614.9822973887,8291.945340601396
155,213786.68825210433,-34213.49804944157
156,157261.85775666233,-16986.382778432882
157,82952.11030369249,1254.2439966956972
158,82576.41490120959,1109.62876669992
159,148941.67287028715,-15073.065407681599
160,236005.4829882382,-35712.28325244106
161,179689.36808172794,-24964.2999024727
162,259246.72724723324,-45737.86202363191
163,159086.5755030331,-17874.658651492784
164,138892.4605381912,-13178.758908184092
165,114432.93566293982,-7556.399442447899
166,141041.84908657975,-12661.239404262764
167,219810.57673804922,-33642.37609602467
168,160165.05014159746,-19249.116559036356
169,85841.71340755785,1022.8161571881792
170,200859.17273071536,-29715.854877786885
171,163761.85547527377,-20036.62384341388
172,180953.1847011861,-24756.51614615323
173,196883.0278072888,-29943.50617309952
174,69991.75879507774,4625.562885898094
175,175810.3652107003,-21992.43090297283
176,205018.1879211556,-31238.751236296044
177,127905.81635129791,-11117.867598828592
178,134770.56791484874,-12374.396754599253
179,119151.28606576382,-8933.482752540398
180,146810.9541604166,-15763.944028506805
181,104013.94511691282,-5321.8911510873195
182,273980.2392845827,-47914.230543950136
183,186505.2610006111,-25588.474760771867
184,131132.0772317401,-10173.667438471248
185,102098.47419275645,-4114.910329022102
186,235973.656053088,-37480.471099893846
187,143639.39784058492,-14452.65783541552
188,142335.70074647586,-12953.754922258193
189,189307.72776071457,-27019.62128105801
190,124514.18907421164,-9491.227463194382
191,152054.06376141598,-17624.36046477582
192,165370.92463958572,-18191.407913128285
193,159746.7470934578,-19510.726118308696
194,200657.53230062683,-27960.000093459137
195,106688.21009862325,-5514.6107688848215
196,210939.90446037365,-33438.114243122356
197,176756.62434412213,-25023.59927745577
198,192272.40899504087,-26835.92874551572
199,185290.69136294417,-26748.561113967644
200,163446.57884807358,-18325.21238576186
201,167524.92399553602,-22375.122270950527
202,91178.76881855112,-755.0249758435651
203,170648.15502851643,-21961.17877897724
204,259832.17529961566,-42861.50235305182
205,194161.1877486231,-25149.87902796107
206,216339.14569622494,-32962.693755994136
207,141079.98637032823,-13829.150169417799
208,172832.3416684334,-24137.087586761456
209,163625.60187169953,-19700.40246393762
210,109018.71298910285,-5517.355242005516
211,214710.4416806971,-32401.875141883927
212,184389.5173351937,-24804.966909002196
213,215283.01703170143,-34512.04863448958
214,112312.91283254776,-6099.623036802566
215,241659.73594449722,-39873.38680379382
216,124166.17184161121,-9213.508179601313
217,125987.33630659,-10738.520955058399
218,174588.05790910928,-23608.243087617822
219,281806.28004730516,-48582.751035267465
220,118246.30482326071,-7809.635542590873
221,143968.95715905062,-12057.28560757691
222,151245.12616975605,-16215.218075740599
223,132786.84295996404,-12304.645631394722
224,90341.96942189698,157.75799925433532
225,162630.84986896333,-19380.617450734997
226,244905.5477603128,-38966.71538210754
227,140945.68437832364,-14439.966062986874
228,135664.01853731627,-12466.207311660291
229,192535.77890069198,-25843.328757186595
230,161912.22702829714,-19306.37028777688
231,128965.18157162268,-10950.29858877352
232,158772.62291195628,-18096.365064616955
233,165416.55515299636,-19749.812886944117
234,119066.49947392658,-8824.704912333022
235,144339.57014073172,-14404.589039648064
236,134023.92125916766,-11319.372615867756
237,92994.86427566904,-1095.1146965847327
238,125294.5120302644,-10686.332321601563
239,196377.44444355587,-28615.523974926644
240,122023.36188598517,-8753.489332939027
241,177650.69664864472,-22697.120318887788
242,199982.56992382387,-29823.175949595963
243,112311.96708902008,-7580.7385264753275
244,213352.62464418006,-30481.31183250345
245,170542.54053387197,-22120.391708024148
246,215594.0517416059,-34763.80013904507
247,85191.17335600428,-178.12603970926023
248,251101.49361751278,-41946.55892121032
249,154864.14356983546,-18792.741658165123
250,103510.89951623195,-3528.022215212556
251,120555.96508417794,-8833.81367332162
252,149446.8737479008,-16360.636501415995
253,176198.57924100826,-22476.76372472646
254,152299.084008453,-16989.883608081873
255,108363.58629465294,-6260.0617016607985
256,120154.02177381134,-9512.374751528103
257,255464.7650543051,-43132.437570638474
258,193449.63130895275,-28249.687442005066
259,100801.92825139503,-3642.454958304761
260,114483.99406177606,-7434.859890257163
261,177198.19905746946,-23173.638574107117
262,202469.75249649995,-29541.302946614935
263,139022.07178275313,-13322.708798684302
264,177755.92500988016,-23426.255194599114
265,158922.90632409597,-20916.723165348405
266,186352.76458445817,-25871.600651514433
267,192612.97826396386,-28863.342017944036
268,157360.48493450254,-17157.453637891427
269,144820.45588443565,-14697.788709807553
270,261471.93928985813,-48713.387924393784
271,214563.5589493836,-33217.95643578877
272,237123.84091814354,-38734.55679309761
273,165022.14922506554,-19248.93601981834
274,203900.3863568738,-28698.77601130149
275,164605.22667323277,-19088.098418175363
276,207292.97016106462,-29813.470916888837
277,69076.39959060174,4480.177946331219
278,79190.48957443096,1377.4226580651318
279,95930.98529434671,-3456.2167453197576
280,158657.67865407796,-18301.919586994405
281,130969.31974687507,-12204.936660200061
282,191219.94267298616,-26929.433466388382
283,153966.1352397432,-16676.232336348654
284,135257.88574996544,-11615.022267881739
285,200448.16111619174,-29710.42771028971
286,171264.03716773968,-21496.049378609496
287,180343.75911350874,-24829.515414174322
288,111727.77829381748,-5618.850963283049
289,186053.65754152584,-25319.005074126806
290,114155.28980422355,-6177.758106439095
291,117871.69942362582,-7619.696560868665
292,95205.42862705873,-1717.421013291582
293,213697.16104245515,-30268.0469929978
294,148112.00906743432,-15205.049199420748
295,155940.11451543358,-17873.404323363837
296,166357.6830252554,-19857.712430852793
297,189334.37476580302,-26435.434210819774
298,198299.27047878198,-26811.72516757025
299,116530.519327752,-6837.877984883338
300,178571.98662860697,-25036.793013553044
301,103590.48768631526,-4141.028753698389
302,180508.7398523628,-22775.968184886275
303,147607.56827104013,-16010.71321479804
304,249683.74872529882,-41872.88805065847
305,114593.58340464442,-6523.689293614141
306,174178.47663674524,-23352.267521900634
307,123865.914641307,-7666.939907011335
308,126127.50285774574,-10100.60675819916
309,167607.70853307124,-22040.602483927745
310,132552.49880398574,-11083.94177643419
311,156020.9538366678,-17957.497704097626
312,145690.9984565608,-15237.630310301518
313,201640.8486744823,-28792.668272102874
314,139172.6157035136,-12652.085033230018
315,124970.56385384851,-10030.329476294484
316,134569.54132362502,-12142.12483584356
317,170276.11292992218,-21468.34196164099
318,247754.78366573717,-40493.59091154841
319,180084.76531112028,-25112.061218044993
320,166691.91130221653,-19536.541867878044
321,109523.42028867663,-6293.943448443492
322,138103.50670283064,-13617.80917635503
323,131916.23113550272,-11487.762293930684
324,174504.00026795163,-22052.678534542414
325,165161.29739548964,-20756.387856597536
326,130709.57674674738,-11211.500866007802
327,183556.39522025795,-26238.357875117075
328,187493.80123781337,-27470.02308950498
329,126968.682893719,-9162.713516320779
330,118552.14499419687,-7523.657141063799
331,143058.38544907962,-15321.53256425732
332,178498.40179579603,-23119.225704802535
333,104899.43519841823,-3835.0424006755493
334,153363.78872303411,-16979.38688416473
335,187302.78653537278,-26765.62792897738
336,238582.876876326,-38960.518478718295
337,192794.4384522891,-27685.121475393873
338,196395.57496630788,-26625.98690789334
339,183980.48077343046,-23942.772422056718
340,141024.53092687464,-12856.887617768825
341,127591.09034988866,-9624.378387874267
342,130394.97387495887,-12937.02327835079
343,104196.02897659906,-4253.083107782696
344,203672.41524651056,-31893.542186095896
345,139826.69264072852,-13147.357367602734
346,207678.9224340767,-29965.699941384082
347,102558.49292919095,-3547.544228884955
348,131771.65655972672,-11908.867137262829
349,80715.02879206985,2056.8647220307903
350,166635.87499869918,-18624.364117560563
351,115720.96958457475,-8529.240985311926
352,107573.31693668316,-4927.319273138244
353,188885.07236863306,-25930.444290431842
354,157298.05015080285,-18677.556885835773
355,149915.78329793838,-16082.366341834886
356,148260.09450103703,-16709.166068884282
357,227747.06012038243,-34839.41323811193
358,162628.13370228597,-21194.665056751197
359,198425.77401513694,-29790.464169018298
360,236055.91853407427,-40656.758983508
361,157142.26660119565,-18123.756371973377
362,239710.979852628,-38459.69654610046
363,217051.53944007895,-34934.96333434035
364,84385.39408997563,510.95318420881875
365,200850.19597724933,-30838.046687859183
366,141092.76544501155,-14530.567373467671
367,108285.82132635324,-6382.262940146334
368,188939.0375856545,-25912.28296257428
369,146353.21833298815,-16373.80525622331
370,178463.83869132682,-21988.26114928451
371,124035.52262254746,-9442.993295131788
372,205685.96213727247,-30639.325112317427
373,138285.94844047198,-12949.906364134384
374,128842.7822033352,-9824.04795516835
375,81177.6532644924,2010.7369148970517
376,121216.06587151176,-9294.135291938372
377,113741.28096190987,-6972.760849429555
378,102367.14228614945,-1967.6178085340198
379,164565.5729709481,-18688.536792821516
380,140693.44944747665,-13471.540841325952
381,134454.57299671482,-12297.01846496013
382,156781.5735044684,-17564.634923712707
383,110957.88279865398,-6062.726217098868
384,185072.20721044144,-25435.215014966954
385,202415.09575382137,-28320.556498541006
386,219752.43321313697,-32274.62661567994
387,144714.72951896038,-15356.681708274333
388,111032.06820177213,-5853.34590049014
389,137575.06108991933,-12039.403481670666
390,164297.5413417445,-21488.199913856846
391,209697.2325778578,-32408.4344295024
392,96795.36631526622,-2026.9672239314777
393,245552.0324326477,-38636.67177869989
394,159900.24320012354,-18600.50474285064
395,168395.4589227552,-21578.455568430123
396,204580.99493698304,-29045.22041763434
397,179901.18391848588,-22679.454904658567
398,224580.40191536664,-36437.40898850094
399,174492.37982170263,-22156.699652954743
400,48590.481758590024,10301.384696700568
401,127845.81929208692,-11008.52526429129
402,188736.08446725213,-26308.05914421504
403,160243.73861576873,-19983.776052822
404,105463.6613502401,-4335.333668488466
405,162577.48157718824,-18656.7251671239
406,99987.55600156159,-3897.134779776483
407,198397.9016505802,-27305.14076255961
408,146244.8718717252,-15186.96953995355
409,112453.84456399172,-5606.565898802157
410,97717.5978130483,-2770.3037301245336
411,163182.26540829398,-19698.70524984336
412,194820.2950661691,-26572.80323925633
413,211882.66368964827,-33004.084463988256
414,123432.96533456967,-9379.084287099771
415,203261.2653323875,-30166.710096376784
416,165329.36796186282,-18957.32355499937
417,139219.01997021475,-13301.68925207802
418,181197.02995451938,-24850.97680759797
419,134804.443331921,-10882.761518515195
420,175926.14816385892,-20775.357073695763
421,119001.00936485085,-8699.189323444796
422,119312.54357407239,-7878.159424744107
423,114416.5175189587,-7446.34927668006
424,146170.3433400046,-16597.486387906214
425,142884.20859727426,-13913.861143949434
426,135782.96720411975,-13493.19867143162
427,148044.77308033218,-16648.069726725946
428,104798.02074727384,-4265.745780855232
429,185255.7110497189,-26280.3472853675
430,157305.08279480287,-17284.14503532695
431,254327.96748889142,-41948.96911704749
432,193585.39284237762,-27767.870525307353
433,160072.44531669744,-18735.7398326061
434,147807.98690311605,-16084.251633684233
435,163732.1664508975,-18239.734417582808
436,121523.0837318552,-8497.19110277574
437,271296.5114060734,-46643.67117197825
438,117541.93669206915,-7752.755848866529
439,153222.0135406765,-16063.33424693701
440,152493.5452093829,-17138.91960274093
441,172189.08450813097,-21416.42784048547
442,90982.25755328624,-245.63817254558728
443,229481.63716433616,-35967.82004401765
444,131908.83923948577,-11684.214901896066
445,180185.44906417062,-21820.257094460572
446,105433.64486321252,-4765.4436100918165
447,246517.68624461236,-40921.01892656461
448,139926.17028493813,-14409.171389169249
449,221296.64606935435,-33558.581198288884
450,75821.76942950123,3394.949748228856
451,164592.09422910897,-19139.69565409109
452,243837.97240336475,-40335.35015367168
453,144464.8711044568,-15143.495037737544
454,143206.0725527505,-13874.128530498332
455,82148.06136584141,1995.6296755427209
456,94535.22065785824,-2258.440354896197
457,243975.1786298569,-40493.69617307394
458,140022.25196888013,-11941.003572087575
459,198498.93819515136,-26945.748184990112
460,185112.74365700505,-25033.22418618603
461,86660.62649903873,878.0181016728018
462,172330.73309501112,-21409.464348770074
463,210002.86191200637,-30789.79868231791
464,164031.00391661547,-19103.53180290384
465,149842.30723785987,-15849.639148080154
466,131025.90048562433,-9597.208698604558
467,114750.9669131114,-6488.075872766157
468,136246.09855854628,-12635.656307309713
469,148572.269969255,-15834.299958034375
470,197344.3609650018,-27976.135453802995
471,137182.46650936845,-12883.888191062366
472,150322.1241947454,-16094.795907417929
473,209267.23448033413,-32803.368302580886
474,166100.41088949476,-19824.020389702517
475,140404.93042469546,-13249.434413993129
476,96051.36841144064,-2488.9998827338736
477,159766.6374266982,-18990.859036511043
478,47366.656707069385,10371.00981711171
479,140172.3301509462,-12052.380578992166
480,157515.99051517987,-18842.3138800274
481,124539.21968499247,-9127.441899081445
482,110303.91286697172,-4866.494582667505
483,196415.00207225877,-26581.42072987745
484,145565.67032668632,-14635.678344157177
485,142550.1465023943,-14568.227088764152
486,180772.78011188298,-23470.49318760698
487,143695.96839108557,-14661.21754515849
488,120616.68218045683,-8096.1513751546
489,118478.42063711904,-7016.078670341785
490,118091.79079394613,-7906.594710766398
491,209789.316701741,-34049.22998560811
492,141901.97960105594,-12416.9197113673
493,134319.0435778492,-11671.8211734996
494,182778.15194275763,-25540.0644270331
495,103655.07478989204,-3797.0910404417914
496,138028.81424217977,-14104.613514982904
497,115681.80526238609,-7230.225321337938
498,162568.75101588995,-20105.19012771481
499,118633.90317629556,-9721.775443339735
500,86436.02989615862,14.794793584566333
501,152951.39313096192,-16508.96473328404
502,132231.34356667835,-12075.68506166431
503,209535.933017395,-31730.72240287402
504,195676.4227092377,-28058.97721742901
505,139110.73959398837,-15026.014877120077
506,229261.1263299134,-39277.02118114275
507,198896.86151885678,-27159.877480831008
508,116736.7639520565,-8541.950916383359
509,139272.46379015097,-14660.393421356475
510,115239.47797902551,-7554.077917781922
511,167590.44043463335,-20506.999980080305
512,212615.25569584122,-30637.509717788875
513,110377.65525651556,-6729.375777615136
514,230204.34266390651,-37173.86273230577
515,134692.31107219987,-11672.082262307755
516,141763.4860412559,-13573.550614738346
517,150591.7858456524,-16843.290750968594
518,151018.98013192968,-16664.886504682723
519,172745.52234193406,-23274.022209038794
520,93936.51964991516,-2619.226290832414
521,124142.41998201642,-8934.354447747568
522,201175.1641672386,-31137.780924020793
523,162511.73681318757,-17531.04960907282
524,110060.99882508235,-6370.836810010466
525,117761.29920683107,-7648.136202376224
526,186290.58571026905,-25397.903592692728
527,87491.77813284378,300.4689461027347
528,172176.5890397131,-22122.007020907356
529,118480.67908742113,-8909.33339858624
530,136081.5963487877,-13017.85552314304
531,177461.0538011765,-23432.943577960537
532,201953.8691655672,-30018.06789462769
533,125032.85170193303,-11540.05478159598
534,138962.00632063643,-13025.152596234342
535,85479.22517453173,993.7401028399674
536,208805.6209608186,-31488.456817315906
537,199359.58263607087,-29901.23634539422
538,260628.8676369404,-45952.895490085895
539,125492.67071015363,-9768.997674849956
540,287247.98454579955,-50229.04374420488
541,196451.49838656932,-26273.895606039172
542,76071.63665339573,2967.694753352836
543,137019.90829614247,-12062.954038177122
544,135002.3049955745,-11908.68488275824
545,157199.06495178456,-16936.884152282775
546,180832.72747294616,-25883.67706613631
547,156671.59455893465,-17392.74525546596
548,186178.51836781087,-26597.070873447476
549,180293.66796020418,-24699.691101598222
550,172148.88111691913,-21821.965509156482
551,99718.32775864228,-4076.0266044294376
552,124074.00217847318,-9940.133148224044
553,93622.70032097137,113.32271908211935
554,89452.04527441545,-1194.7291762190048
555,106611.00733873439,-5144.916025220917
556,145612.99685280793,-15357.679364172467
557,216596.41569131808,-33699.54612505938
558,185080.53997683906,-23118.519298446157
559,120311.854690451,-8904.380894972002
560,108351.51900228472,-5947.476338341367
561,99880.10166171669,-3268.5735494407218
562,172551.05788500718,-23358.768844877795
563,157552.2146247086,-16585.786207609188
564,101372.7867915939,-3974.400416733864
565,226974.11071559624,-32903.20961623687
566,193711.4857914383,-26790.247881164236
567,210645.36882049116,-34355.25424701484
568,173596.16967698644,-19688.81880894365
569,168859.35582952484,-19524.19937970912
570,204219.39722922412,-28789.321099624864
571,158411.46542730625,-18696.49119316688
572,224857.38169066652,-35627.94874680293
573,175920.87510984906,-22361.353895346885
574,163035.85015777536,-18467.171399700866
575,218461.37864165043,-34597.85058283549
576,154151.64867173418,-16490.235252184437
577,136533.66771779428,-13097.887079385942
578,159834.83410355973,-18229.913284979713
579,124410.4562170278,-9863.063508006988
580,87440.1382051432,554.7769159495791
581,96974.09586445737,-2514.410109227361
582,149394.90500447815,-16338.20840387151
583,88543.35684323784,-57.50415089189197
584,219090.00906210282,-35203.305115117924
585,158865.17516601493,-16503.24735555007
586,162979.3170628624,-19278.09367728389
587,157590.00216126157,-18543.944997022725
588,123708.12708581466,-9200.02382222875
589,155253.36633768972,-17756.949126012816
590,215341.40717350607,-31900.584889730293
591,88474.74880175953,-111.62269108652093
592,102382.9251224447,-3485.92881368332
593,149443.64300066707,-16773.6642280502
594,325533.9102393756,-60986.743217607065
595,197384.8063960817,-27627.795152623352
596,140694.316675617,-13883.749128588326
597,164674.52337965608,-19899.26865672693
598,104688.2307707607,-3584.0462843182368
599,133008.43122878697,-11406.503723879689
600,149092.59405740045,-15950.224890664618
601,176564.2358635785,-23316.212890525978
602,154618.83555106865,-16863.335974432473
603,147035.10648629587,-14637.650488499568
604,222312.38678199856,-36006.76551771826
605,130008.56499268662,-10856.780449519774
606,166180.67712845214,-19562.432168505493
607,164432.05304477224,-18658.897748968113
608,232257.68207983056,-37958.52167764213
609,76332.66493228661,3068.334143045838
610,180421.03819437302,-22642.25438102025
611,241900.94094473092,-40435.16475022393
612,147846.7931676024,-15664.041878104437
613,72838.61896534244,3287.8125852900457
614,180831.1778937581,-24251.944999738123
615,150414.56294657208,-15738.389788273766
616,95448.67699434397,-2042.535021945581
617,131178.78953050877,-12237.989945664765
618,131689.4055170582,-10577.954973844446
619,72269.6953094594,4501.4515636463975
620,135818.6980641002,-13965.859824686002
621,111969.06658760803,-6434.022666205608
622,145343.36642913677,-15684.884496098304
623,199748.4015454908,-29910.799053613675
624,156137.9581068343,-16669.75652515285
625,154433.65733671267,-16595.04000451887
626,123990.21188022109,-9467.351932479742
627,228904.127737686,-36529.42948279815
628,126188.2559850917,-9997.326810737977
629,152202.023507312,-17671.714066251752
630,125184.9557790226,-9757.543378434244
631,168562.66782929935,-20155.38631383609
632,220996.44417910997,-32071.972279259116
633,202718.852267044,-30337.019074960583
634,99976.24728141923,-3855.2259245383507
635,205726.6400589538,-31132.765767489356
636,129463.33018781892,-10958.341300666838
637,133094.80845822292,-11303.124948057703
638,149390.48823916735,-15946.873716378575
639,119208.19579552404,-8876.269079002106
640,168337.43011915963,-21903.039845294017
641,213686.88878880566,-32215.424861335643
642,134237.21030499405,-12121.308904924703
643,162074.8831102102,-18388.89825121614
644,114699.85440468686,-8090.731590551582
645,128857.07032945393,-9517.134954463329
646,222976.99769181284,-33767.53148258737
647,119362.24772926419,-9111.933102627796
648,92529.66839114034,-951.2198028034201
649,236100.22945218597,-37973.26891426665
650,161819.288124421,-19502.95828171547
651,175923.28665534337,-24157.99902656597
652,152704.946930768,-15556.627473244494
653,73937.66989710665,3070.186461565396
654,215651.76666732266,-31802.100495882554
655,136847.62848472473,-14660.081751467931
656,124955.63147408218,-9030.622076861073
657,173286.56243927524,-21578.793882802136
658,108526.67147478319,-5346.779467296654
659,179446.6397481689,-23269.917687834502
660,187609.11432393512,-25392.94886935185
661,230676.95080257003,-36865.05312625301
662,205883.03416565902,-32949.69398512462
663,194770.74121595328,-27942.704176371317
664,118799.91161528924,-7182.095916619703
665,138306.5374600534,-12668.881318059615
666,124922.89273714417,-10328.217853792781
667,146348.9776952252,-13947.523040361188
668,187408.23365874327,-25980.250999120788
669,153780.56683071217,-17468.29162690407
670,226980.79499880297,-37339.50598204905
671,136371.34575628792,-13591.69222389693
672,147703.40429138014,-16376.848674870987
673,152608.07149773385,-16902.13676333649
674,128736.95781906169,-10631.373026638723
675,164391.29971195458,-21314.586235987914
676,257324.84131834042,-44598.87457537313
677,146954.936287078,-14329.757348198244
678,112143.43455253543,-5679.923539785886
679,214559.64035825763,-30832.96074591667
680,134389.70261242118,-10227.528566982875
681,185088.80394448302,-24671.2241965632
682,220415.57090603115,-33984.32988389722
683,133860.34775701648,-12650.431821950368
684,121388.61820682941,-8331.66213233969
685,148167.9255537529,-16595.024979020127
686,192524.58891035285,-27111.745466690274
687,112145.669439592,-6161.731096294639
688,145294.37016712912,-15009.260106365933
689,182090.0995070209,-23798.423884428663
690,180572.87387947872,-22417.999632949988
691,105642.8503847346,-4610.788661619346
692,74340.22789278443,3566.505148213546
693,120807.4668288645,-6751.197052454795
694,222320.80912711116,-36795.935417181914
695,125017.53157218354,-10458.699486648751
696,231475.04690794216,-37465.12376814522
697,115476.30809631833,-6817.649031213026
698,99001.4820656699,-2557.2034767032674
699,142843.40231173253,-13602.87069274455
700,149057.72457431292,-15617.335445452818
701,264243.5420889419,-44818.870807028885
702,167775.84072258015,-20891.147089357793
703,219993.58535442312,-33996.8221768754
704,66314.70208463857,5958.055227074416
705,140398.57922374754,-13231.214546735888
706,133980.78468804067,-12594.789621421467
707,186135.3081804718,-26488.712934826046
708,128851.53902964282,-9973.222911760857
709,164113.9200068821,-19744.860782554304
710,190928.25544328574,-26211.60755197081
711,131553.83777723927,-10990.882556357348
712,163914.1121474113,-20649.66251340622
713,192056.85205588234,-27760.28583538177
714,171065.0407690864,-23592.97225823912
715,147984.11544887134,-15647.823189986679
716,174138.7574115104,-24163.537239193203
717,226714.13018255925,-34574.35784740968
718,132028.64733038945,-10793.848948649294
719,120479.97790175502,-8145.92017443201
720,98613.34270240764,-2995.1939417341064
721,157990.403784538,-16672.8563054223
722,253435.66125975872,-43323.103741756204
723,162840.41292777765,-21399.15225413086
724,126699.60550966024,-10687.464861066184
725,153270.28068614364,-16055.248828842425
726,57500.4489652875,7336.386426500959
727,215454.73238974047,-34002.39265827288
728,140362.2138621833,-13423.763816798477
729,150114.82094713137,-16086.547568482474
730,194649.17514176425,-29077.596630759534
731,158909.36484310403,-19497.686513324286
732,206610.25119572596,-29370.50215783674
733,128954.94007642775,-12370.648296041212
734,138975.3550117283,-13051.816891062663
735,122079.69224914411,-10023.491236816082
736,162108.76683380493,-19865.150736497006
737,232473.3525797323,-37690.56538394336
738,159337.2158197185,-17029.443478970854
739,172910.94560851046,-21892.00343223783
740,186992.27128028945,-24938.017608225302
741,123654.32294741274,-10338.70853171138
742,156663.25637581528,-17569.415870217897
743,128238.18742840388,-11197.878605564129
744,134963.10679485986,-11955.87837788476
745,124073.20698371713,-9174.608717489755
746,115763.78853999985,-7222.175068480038
747,118889.64629850187,-9375.383277161245
748,112427.86983492873,-6123.292356545813
749,78541.73386760884,2492.786337217777
750,123216.01666187515,-9102.02278737427
751,138871.93403039456,-14381.055427693469
752,199182.45678899757,-30586.936515284557
753,193536.98104780677,-27832.80591594087
754,173052.76024037777,-20738.097855825286
755,170060.22440036968,-20818.779759265635
756,153260.55087094207,-16882.503237488592
757,177222.83899205187,-22842.341525154825
758,154270.95870904665,-16654.11360888438
759,93052.47558526402,-1234.4584475619158
760,113424.95130914137,-7477.011826290058
761,144216.69688361118,-14265.671416396075
762,87191.19165669907,667.9057058605263
763,137037.9066070276,-11818.109166169686
764,225020.6447722657,-37297.942178001584
765,212753.58015863088,-32114.03290919652
766,127368.61833052934,-11453.035274654789
767,146774.83092606187,-15738.174215678087
768,140268.2118174041,-13547.213424206397
769,88497.12689374978,36.715063356772426
770,92293.10677216062,-1902.4206568919476
771,222102.08599391975,-35440.00185557426
772,209902.18306880744,-31394.095574362786
773,175363.46894115015,-23805.67682989696
774,184329.6831314031,-25492.265870905932
775,191817.3948911643,-25951.193964157374
776,114283.92789313251,-6744.971540428308
777,247079.86867128647,-44703.43414900417
778,178936.54365927415,-22741.987535734126
779,94816.77415758255,-1620.5525925773707
780,128494.34352066148,-10614.541456160443
781,180118.94718490692,-24598.08082995084
782,164961.37145259866,-20514.35290195
783,114511.87325158606,-7180.2435041538965
784,219184.77330972903,-32437.726518489486
785,134860.06295275976,-12931.146971431608
786,148269.90713851355,-16445.46576963691
787,174510.90775157802,-22495.831841501007
788,235255.65737661236,-38389.68864375442
789,187888.61768722648,-25966.720820014663
790,178160.45485326755,-23074.50657573267
791,133265.83091308374,-11982.80705344547
792,198707.97827090538,-29869.466801366663
793,133508.8711686389,-11637.726116873078
794,134490.39427687845,-10593.805498870553
795,150867.5052583397,-16202.208418219123
796,125553.74906465417,-10498.742964549318
797,230197.45942467236,-38107.28529527765
798,192428.08306626527,-26405.854581312364
799,150122.15306984892,-16243.474044305533
800,166147.94187876285,-20434.42367477503
801,137129.99519413823,-12264.117662401764
802,209497.62464924037,-32082.750078224337
803,190510.31576494934,-28016.947757401995
804,238694.1562008982,-39516.85683183699
805,169702.83823017275,-20604.175623478382
806,167540.65643688792,-20273.759250496423
807,182203.63725731312,-24916.803317049755
808,200895.6878638735,-30718.899811033567
809,167954.52888242324,-19859.78912351606
810,119949.36805326151,-8856.229853512255
811,108214.1042264668,-4796.776190154181
812,227315.35634635156,-34368.54672649922
813,102882.06813527833,-3464.5020430321706
814,159168.13772325986,-17283.991970604635
815,257022.30807628954,-42336.92345366015
816,172687.1214202351,-20725.700437518393
817,134739.16368963968,-12547.445484905415
818,192052.8255227169,-27063.462277575192
819,240128.96528902912,-39128.01564889037
820,130738.9930743219,-11173.356241514693
821,163244.6807626009,-20399.499081766902
822,133527.38367203073,-11777.348373861907
823,109809.43976313605,-5484.919881709296
824,98598.13180850855,-2851.905492570097
825,114762.25824568355,-6988.80206532248
826,130967.50153675003,-10895.918007098444
827,98252.75939182339,-3054.109428649668
828,85400.64769093787,769.6631728947552
829,168097.39534465873,-20638.708138888716
830,174615.8582088906,-23090.76362477278
831,195769.15754104123,-28743.322826786432
832,143183.4638124017,-14216.618401546422
833,75413.84398642446,4081.4856622777124
834,139197.6257589133,-13285.523420495643
835,190706.35545749863,-28499.118074573697
836,136570.5102939102,-12855.445761880763
837,76118.13074747504,2674.078639185801
838,119325.14846748764,-8775.58615836426
839,136945.47607513997,-11636.688574837075
840,177861.33272029014,-24103.06479894183
841,104255.1255711088,-3238.595035207406
842,126844.75838839648,-9930.918474178101
843,152242.52828662857,-16182.98257362298
844,160141.65460747335,-20311.922837339036
845,190497.95624848438,-29777.834698962346
846,216816.06033321389,-35317.65838236018
847,204414.2299695273,-32160.775904831455
848,124163.64900135476,-10280.563693667593
849,156639.9733425889,-17680.53544060272
850,197247.51283536185,-28234.39448536739
851,167981.13794036652,-20367.233075712036
852,133252.35674747138,-11398.831297054274
853,163986.46283530607,-19883.04972629599
854,159893.3939559747,-21811.150745197287
855,180474.20016562063,-24776.553232263097
856,160673.6350511142,-16773.566755385964
857,160204.84933233322,-19102.651088202507
858,162013.13614391058,-19267.130624476325
859,248156.79850640017,-42229.16438914518
860,173363.00028153977,-22907.441132578522
861,145942.33057818416,-15274.048247041526
862,224011.03462533012,-33331.78882814677
863,141895.7865727581,-13016.013856968315
864,257803.2732320495,-43664.11423008949
865,127653.65307951179,-9679.924349271605
866,229428.68202077685,-35754.205530241255
867,157997.08110408235,-17542.258470218523
868,89405.40604184296,-1187.430229736988
869,193308.17721539346,-27502.240878714856
870,240447.1625004224,-38985.478993604665
871,283360.6361359025,-52020.288531045706
872,135284.2655232825,-11226.115300318135
873,195654.19956951108,-27718.932574747563
874,188118.27787324812,-25884.702915822425
875,163307.11507192595,-19844.647050473854
876,126963.94769077872,-10719.04153766053
877,121334.40799976734,-9523.343791443862
878,209791.97176458096,-30643.345379393377
879,106662.3944944355,-5116.857067255549
880,149429.52329318534,-16706.899433142797
881,129712.94427703251,-10304.527241737977
882,130780.74482478379,-11673.469592593814
883,153693.22198059605,-16583.340635967274
884,203765.35123392267,-31827.881783077617
885,167549.9005797896,-20220.639890275586
886,210644.64809949318,-32086.63162183606
887,226703.3752504649,-37590.766124640504
888,87858.79474270038,54.69873373856087
889,97223.69981607034,-2801.576698724205
890,124800.75111596641,-9328.455218664914
891,156990.1567204509,-17578.17075647776
892,197018.12641858828,-27350.479046416167
893,128350.8858711671,-11799.791328267302
894,131669.22808496346,-12137.806753043693
895,121142.84561535857,-8507.157145451692
896,91319.16274151644,-792.8656626963013
897,147204.27376455418,-17220.976670971057
898,136438.73508203306,-12211.859875249189
899,139689.5256928844,-12549.92480341026
900,149371.49058937802,-16117.279851888197
901,135410.85600509972,-11300.136456379198
902,210730.55599801548,-30961.782889906353
903,178045.24549171055,-23105.525055107635
904,292053.8549244032,-55870.798707720634
905,199738.1794514857,-28841.841281862566
906,195214.42911907125,-26487.58704249774
907,162548.27869932653,-18573.4372614526
908,227661.9711654615,-35440.769490021965
909,192135.6986798264,-27902.375383653758
910,258368.9470857547,-45014.35054392225
911,212421.6460518366,-35015.096441277696
912,159459.2244769089,-17690.578877140408
913,183311.726332735,-24371.69841831187
914,141989.52832873035,-13499.255726392152
915,204651.82338097904,-30678.283780820384
916,139322.15752810406,-12783.83176647066
917,118799.52017052156,-7950.77558583742
918,172541.25512586822,-22410.342700143032
919,156742.65297479893,-17897.08576714442
920,215407.62691231398,-32055.80272838132
921,107386.54086165887,-5995.396157962692
922,170656.39657296136,-20974.355022628715
923,152751.5885986006,-16076.567384416017
924,94050.10935586515,-1448.9654450492408
925,234018.29842844204,-38696.7636706168
926,67321.72154179096,4318.9433072128695
927,184020.44364719637,-23831.437724947344
928,162389.97680386427,-18746.53336086825
929,238636.3886957254,-41530.24270997646
930,119241.76600210159,-7582.920933230293
931,162564.82548447986,-17905.84749252341
932,159901.90051766843,-17711.846152207203
933,202238.88632374187,-30348.797684789737
934,132748.82155346975,-12192.928251356978
935,155006.78206345203,-18467.97685561837
936,202463.46332197133,-30708.56812905264
937,105599.84343841439,-5947.947440957819
938,128968.63522428424,-10899.69256916121
939,123706.5926080537,-8911.317313096137
940,172740.0360283352,-23429.120488659028
941,114105.96531451769,-6444.1417080270485
942,182205.75569736725,-22722.88554731734
943,115800.25281575497,-8357.494115829943
944,162758.63562709783,-21470.052538066568
945,153498.37093592496,-17556.99271451349
946,76050.24666226556,3751.5241103610992
947,126511.50085749262,-10824.546947034958
948,115602.45071803634,-7137.597486999802
949,185871.98421085067,-24479.1691253395
950,99575.4738619648,-2560.3028109363454
951,234114.44369019868,-40154.63192419288
952,181960.38666196913,-23509.255433353246
953,98097.82020260129,-2236.469744624558
954,203712.84352901482,-31178.824173452766
955,184601.55744827833,-25959.026306424166
956,115891.77895389571,-6973.66995911925
957,141497.8930921926,-14228.572040357976
958,96742.04306081189,-1819.0195800266908
959,220197.29855116713,-33355.24472583074
960,138406.1267064831,-12855.377994368999
961,175345.99740214218,-20721.67880745461
962,160123.52305246194,-17411.79645757009
963,74780.06801973349,4335.995859962049
964,224318.48555834524,-36130.029885640644
965,149276.46481954836,-13902.47508425555
966,239856.09338994528,-37320.49526547693
967,160037.3791122438,-17688.46111083239
968,171534.5359739911,-22870.451606151957
969,260572.82172992922,-48154.666513519434
970,98927.15690623868,-3483.420230825932
971,153445.19423322598,-15843.348122453179
972,137923.36387187816,-13506.08493575309
973,79633.68124351266,2805.1275334281777
974,167119.33445466295,-19312.954710779446
975,165330.2523224519,-20202.065208144293
976,186643.17239280508,-25255.453719596466
977,245401.11100002064,-40865.69193040376
978,113511.36863490749,-6510.551463380019
979,180343.17775871014,-25080.61887951445
980,96695.65643037627,-2147.0986660004223
981,179905.77861933177,-23369.521491843374
982,123226.47396718433,-9272.350453130946
983,144393.2008002985,-15321.394191898591
984,209437.2018238596,-32662.034717802013
985,94564.74155825094,-1598.0685725374155
986,150288.08286568944,-15489.495296031262
987,163785.6305331267,-19984.609210797706
988,166799.56446350273,-22143.03578352041
989,182617.50492293126,-23967.16578829866
990,148147.43552328524,-16897.31109813673
991,101583.47054703967,-3186.006924471189
992,161582.92617746597,-18544.104383907168
993,123358.62590989652,-9105.096625251419
994,112960.90532937342,-6214.73098936868
995,177731.91802705094,-23542.92125491742
996,212214.46142162307,-32437.438455792555
997,160621.79777526474,-18904.200409129575
998,155374.12371480657,-17865.144356593915
999,190173.65243756093,-29182.334328889065
1000,139178.83008568035,-13760.682313663867
